gene_id	baseMean	log2FoldChange	lfcSE	stat	pvalue	padj	comparison	compare_from	compare_to
MT-nbis-gene-2	554.016966373	-0.780715078	0.508377569	-1.535699303	0.124612146	0.525735916	T22_mock vs T22_WNV	T22_mock	T22_WNV
MT-nbis-gene-3	2279.043549195	-0.669911944	0.375185989	-1.785546273	0.074172753	0.435247219	T22_mock vs T22_WNV	T22_mock	T22_WNV
MT-nbis-gene-4	44.29140214	-0.859188792	0.792690708	-1.083889067	0.278413988	0.710486657	T22_mock vs T22_WNV	T22_mock	T22_WNV
MT-nbis-gene-5	5028.897975157	-0.783462812	0.337258358	-2.323034532	0.020177297	0.229339181	T22_mock vs T22_WNV	T22_mock	T22_WNV
MT-nbisL1-trna-10	135.38280994	-1.709632766	0.680216257	-2.513366519	0.011958502	0.181895113	T22_mock vs T22_WNV	T22_mock	T22_WNV
MT-nbisL1-trna-16	881.860896549	-0.517609622	0.382898169	-1.35182057	0.176432722	0.607012579	T22_mock vs T22_WNV	T22_mock	T22_WNV
MT-nbisL1-trna-17	935.86521064	-0.693215378	0.461764296	-1.501232089	0.133295543	0.531658643	T22_mock vs T22_WNV	T22_mock	T22_WNV
MT-nbisL1-trna-19	45.849010998	-0.300684865	0.921924538	-0.326149107	0.744311545	0.9509443	T22_mock vs T22_WNV	T22_mock	T22_WNV
MT-nbisL1-trna-20	431.380511655	-0.530484579	0.444553512	-1.193297465	0.232752895	0.674833564	T22_mock vs T22_WNV	T22_mock	T22_WNV
MT-nbisL1-trna-3	1102.911491045	-1.599444432	0.644538067	-2.481536025	0.013081749	0.184420749	T22_mock vs T22_WNV	T22_mock	T22_WNV
MT-nbisL1-trna-6	12782.933971497	-0.986959841	0.341745076	-2.888000181	0.003876996	0.088831835	T22_mock vs T22_WNV	T22_mock	T22_WNV
MT-nbisL1-trna-7	594.399656827	-0.812270631	0.464375103	-1.749169206	0.080261775	0.446070251	T22_mock vs T22_WNV	T22_mock	T22_WNV
MT-nbisL1-trna-9	7.426823935	-1.11204113	1.551482585	-0.716760305	0.473522009	NA	T22_mock vs T22_WNV	T22_mock	T22_WNV
MT-nbis-gene-2	554.016966373	0.306185908	0.45889238	0.667228137	0.504626421	0.871019482	T22_mock vs T26_mock	T22_mock	T26_mock
MT-nbis-gene-3	2279.043549195	0.808087843	0.337168961	2.39668515	0.016544133	0.338299011	T22_mock vs T26_mock	T22_mock	T26_mock
MT-nbis-gene-4	44.29140214	0.115758051	0.734808799	0.157534928	0.874823283	0.974350417	T22_mock vs T26_mock	T22_mock	T26_mock
MT-nbis-gene-5	5028.897975157	-0.18885595	0.302157465	-0.625024936	0.531954692	0.883098211	T22_mock vs T26_mock	T22_mock	T26_mock
MT-nbisL1-trna-10	135.38280994	-0.351391677	0.619731531	-0.567006292	0.570709907	0.892616878	T22_mock vs T26_mock	T22_mock	T26_mock
MT-nbisL1-trna-16	881.860896549	-0.062480848	0.345137558	-0.181031728	0.856342672	0.971482552	T22_mock vs T26_mock	T22_mock	T26_mock
MT-nbisL1-trna-17	935.86521064	0.593967829	0.416097798	1.427471693	0.153443979	0.645730415	T22_mock vs T26_mock	T22_mock	T26_mock
MT-nbisL1-trna-19	45.849010998	0.384849313	0.853323843	0.451000304	0.65198933	0.921718206	T22_mock vs T26_mock	T22_mock	T26_mock
MT-nbisL1-trna-20	431.380511655	0.669803453	0.404392247	1.656321204	0.097656789	0.580117716	T22_mock vs T26_mock	T22_mock	T26_mock
MT-nbisL1-trna-3	1102.911491045	-0.712155296	0.578124396	-1.231837474	0.218009802	0.720219929	T22_mock vs T26_mock	T22_mock	T26_mock
MT-nbisL1-trna-6	12782.933971497	0.017221655	0.305909409	0.056296584	0.95510554	0.988231592	T22_mock vs T26_mock	T22_mock	T26_mock
MT-nbisL1-trna-7	594.399656827	0.695444036	0.420576571	1.65354916	0.09821915	0.58146819	T22_mock vs T26_mock	T22_mock	T26_mock
MT-nbisL1-trna-9	7.426823935	4.423258939	1.819824286	2.430596719	0.015073982	0.326496911	T22_mock vs T26_mock	T22_mock	T26_mock
MT-nbis-gene-2	554.016966373	-0.382219285	0.458820519	-0.833047498	0.404817942	0.819348968	T22_mock vs T26_WNV	T22_mock	T26_WNV
MT-nbis-gene-3	2279.043549195	0.519335367	0.337618033	1.538233495	0.123991534	0.582301453	T22_mock vs T26_WNV	T22_mock	T26_WNV
MT-nbis-gene-4	44.29140214	0.09502688	0.750219676	0.126665407	0.899205227	0.970748856	T22_mock vs T26_WNV	T22_mock	T26_WNV
MT-nbis-gene-5	5028.897975157	0.1875606	0.30266775	0.619691393	0.535460983	0.875380441	T22_mock vs T26_WNV	T22_mock	T26_WNV
MT-nbisL1-trna-10	135.38280994	-0.801587757	0.621506124	-1.289750375	0.197137343	0.69459797	T22_mock vs T26_WNV	T22_mock	T26_WNV
MT-nbisL1-trna-16	881.860896549	0.313893308	0.347943047	0.902139904	0.366982553	0.802122322	T22_mock vs T26_WNV	T22_mock	T26_WNV
MT-nbisL1-trna-17	935.86521064	0.508438	0.417573325	1.217601724	0.223375359	0.713996808	T22_mock vs T26_WNV	T22_mock	T26_WNV
MT-nbisL1-trna-19	45.849010998	-1.179795068	0.84062137	-1.403479747	0.160473827	0.635629412	T22_mock vs T26_WNV	T22_mock	T26_WNV
MT-nbisL1-trna-20	431.380511655	0.123292283	0.405081728	0.30436397	0.760850614	0.945114318	T22_mock vs T26_WNV	T22_mock	T26_WNV
MT-nbisL1-trna-3	1102.911491045	-2.060242627	0.577563197	-3.567129342	0.000360913	0.049910837	T22_mock vs T26_WNV	T22_mock	T26_WNV
MT-nbisL1-trna-6	12782.933971497	0.082299488	0.306057836	0.268901751	0.78800529	0.949981635	T22_mock vs T26_WNV	T22_mock	T26_WNV
MT-nbisL1-trna-7	594.399656827	-0.103311977	0.420152228	-0.245891776	0.805766011	0.955612183	T22_mock vs T26_WNV	T22_mock	T26_WNV
MT-nbisL1-trna-9	7.426823935	-0.207136569	1.508186616	-0.137341471	0.890760892	0.969548963	T22_mock vs T26_WNV	T22_mock	T26_WNV
MT-nbis-gene-2	554.016966373	-0.212305987	0.455446905	-0.46614871	0.641109059	0.905399976	T22_mock vs T30_mock	T22_mock	T30_mock
MT-nbis-gene-3	2279.043549195	-0.02709159	0.335789985	-0.080680161	0.935696314	0.982352905	T22_mock vs T30_mock	T22_mock	T30_mock
MT-nbis-gene-4	44.29140214	-0.486332608	0.713724574	-0.681400957	0.495617817	0.862782197	T22_mock vs T30_mock	T22_mock	T30_mock
MT-nbis-gene-5	5028.897975157	-0.335802446	0.301766363	-1.112789518	0.265798838	0.70237523	T22_mock vs T30_mock	T22_mock	T30_mock
MT-nbisL1-trna-10	135.38280994	-0.326201212	0.612155793	-0.532872867	0.594121589	0.897252608	T22_mock vs T30_mock	T22_mock	T30_mock
MT-nbisL1-trna-16	881.860896549	-0.701283964	0.342822683	-2.045617165	0.040794051	0.298154132	T22_mock vs T30_mock	T22_mock	T30_mock
MT-nbisL1-trna-17	935.86521064	-0.671592668	0.413320313	-1.624872154	0.104189803	0.48450239	T22_mock vs T30_mock	T22_mock	T30_mock
MT-nbisL1-trna-19	45.849010998	-0.81180519	0.826333238	-0.982418657	0.325893639	0.755155548	T22_mock vs T30_mock	T22_mock	T30_mock
MT-nbisL1-trna-20	431.380511655	-0.434866824	0.398310632	-1.091778097	0.274930648	0.710828966	T22_mock vs T30_mock	T22_mock	T30_mock
MT-nbisL1-trna-3	1102.911491045	-0.327887227	0.577136601	-0.568127592	0.569948333	0.889090321	T22_mock vs T30_mock	T22_mock	T30_mock
MT-nbisL1-trna-6	12782.933971497	-0.406357909	0.305715365	-1.329203421	0.183780867	0.617483517	T22_mock vs T30_mock	T22_mock	T30_mock
MT-nbisL1-trna-7	594.399656827	-0.314271802	0.416026726	-0.755412529	0.450001498	0.842805255	T22_mock vs T30_mock	T22_mock	T30_mock
MT-nbisL1-trna-9	7.426823935	-1.495621446	1.397722771	-1.070041554	0.284600605	0.715606008	T22_mock vs T30_mock	T22_mock	T30_mock
MT-nbis-gene-2	554.016966373	-0.007137584	0.455691827	-0.015663183	0.987503099	0.997687129	T22_mock vs T30_WNV	T22_mock	T30_WNV
MT-nbis-gene-3	2279.043549195	0.243267353	0.335877783	0.724273429	0.468897886	0.841013223	T22_mock vs T30_WNV	T22_mock	T30_WNV
MT-nbis-gene-4	44.29140214	0.069100125	0.717053091	0.096366819	0.923229244	0.98349404	T22_mock vs T30_WNV	T22_mock	T30_WNV
MT-nbis-gene-5	5028.897975157	0.09465532	0.301828396	0.31360641	0.753819991	0.942958858	T22_mock vs T30_WNV	T22_mock	T30_WNV
MT-nbisL1-trna-10	135.38280994	-0.069352667	0.613190911	-0.113101263	0.909950273	0.981010321	T22_mock vs T30_WNV	T22_mock	T30_WNV
MT-nbisL1-trna-16	881.860896549	-0.153433821	0.343129907	-0.447159568	0.654759852	0.915026557	T22_mock vs T30_WNV	T22_mock	T30_WNV
MT-nbisL1-trna-17	935.86521064	0.11462759	0.413641824	0.277117987	0.781689511	0.951673456	T22_mock vs T30_WNV	T22_mock	T30_WNV
MT-nbisL1-trna-19	45.849010998	0.192385944	0.831308886	0.231425343	0.816984379	0.96314794	T22_mock vs T30_WNV	T22_mock	T30_WNV
MT-nbisL1-trna-20	431.380511655	0.05961357	0.398837975	0.149468138	0.881184249	0.977011312	T22_mock vs T30_WNV	T22_mock	T30_WNV
MT-nbisL1-trna-3	1102.911491045	-0.067159441	0.577316181	-0.116330432	0.907390668	0.981010321	T22_mock vs T30_WNV	T22_mock	T30_WNV
MT-nbisL1-trna-6	12782.933971497	-0.146719627	0.305731951	-0.479896285	0.631301143	0.904388036	T22_mock vs T30_WNV	T22_mock	T30_WNV
MT-nbisL1-trna-7	594.399656827	0.018055718	0.416328254	0.043368947	0.965407431	0.993816459	T22_mock vs T30_WNV	T22_mock	T30_WNV
MT-nbisL1-trna-9	7.426823935	-0.812178006	1.405316121	-0.577932604	0.563309622	NA	T22_mock vs T30_WNV	T22_mock	T30_WNV
MT-nbis-gene-2	554.016966373	1.086900985	0.509542736	2.133090925	0.032917268	0.387612104	T22_WNV vs T26_mock	T22_WNV	T26_mock
MT-nbis-gene-3	2279.043549195	1.477999786	0.375924048	3.931644687	8.4367e-05	0.018111499	T22_WNV vs T26_mock	T22_WNV	T26_mock
MT-nbis-gene-4	44.29140214	0.974946843	0.797249215	1.222888432	0.221371838	0.733850107	T22_WNV vs T26_mock	T22_WNV	T26_mock
MT-nbis-gene-5	5028.897975157	0.594606861	0.337276106	1.762967642	0.077905947	0.52352897	T22_WNV vs T26_mock	T22_WNV	T26_mock
MT-nbisL1-trna-10	135.38280994	1.358241089	0.679506658	1.998863548	0.04562312	0.431894303	T22_WNV vs T26_mock	T22_WNV	T26_mock
MT-nbisL1-trna-16	881.860896549	0.455128773	0.383184358	1.187754052	0.234930322	0.749407276	T22_WNV vs T26_mock	T22_WNV	T26_mock
MT-nbisL1-trna-17	935.86521064	1.287183207	0.46297276	2.780256895	0.005431591	0.165567224	T22_WNV vs T26_mock	T22_WNV	T26_mock
MT-nbisL1-trna-19	45.849010998	0.685534178	0.930847169	0.736462655	0.461449186	0.874669281	T22_WNV vs T26_mock	T22_WNV	T26_mock
MT-nbisL1-trna-20	431.380511655	1.200288032	0.447375001	2.682957319	0.00729743	0.194792014	T22_WNV vs T26_mock	T22_WNV	T26_mock
MT-nbisL1-trna-3	1102.911491045	0.887289136	0.644047498	1.377676551	0.168303174	0.681057458	T22_WNV vs T26_mock	T22_WNV	T26_mock
MT-nbisL1-trna-6	12782.933971497	1.004181495	0.341780648	2.938087631	0.003302437	0.133385742	T22_WNV vs T26_mock	T22_WNV	T26_mock
MT-nbisL1-trna-7	594.399656827	1.507714667	0.46656352	3.231531403	0.001231288	0.084045513	T22_WNV vs T26_mock	T22_WNV	T26_mock
MT-nbisL1-trna-9	7.426823935	5.535300069	1.893477793	2.923350932	0.00346286	0.134957194	T22_WNV vs T26_mock	T22_WNV	T26_mock
MT-nbis-gene-2	554.016966373	0.398495792	0.509478019	0.782164838	0.434117706	0.85094292	T22_WNV vs T26_WNV	T22_WNV	T26_WNV
MT-nbis-gene-3	2279.043549195	1.189247311	0.376326876	3.160144508	0.001576909	0.094590194	T22_WNV vs T26_WNV	T22_WNV	T26_WNV
MT-nbis-gene-4	44.29140214	0.954215672	0.811475154	1.175902512	0.239633835	0.738618809	T22_WNV vs T26_WNV	T22_WNV	T26_WNV
MT-nbis-gene-5	5028.897975157	0.971023411	0.337733334	2.875118664	0.004038757	0.139566584	T22_WNV vs T26_WNV	T22_WNV	T26_WNV
MT-nbisL1-trna-10	135.38280994	0.908045009	0.681125533	1.333153678	0.182481377	0.683954616	T22_WNV vs T26_WNV	T22_WNV	T26_WNV
MT-nbisL1-trna-16	881.860896549	0.831502929	0.385713213	2.15575433	0.031102853	0.347734475	T22_WNV vs T26_WNV	T22_WNV	T26_WNV
MT-nbisL1-trna-17	935.86521064	1.201653378	0.464299343	2.588100534	0.009650681	0.205544316	T22_WNV vs T26_WNV	T22_WNV	T26_WNV
MT-nbisL1-trna-19	45.849010998	-0.879110203	0.919216583	-0.956368955	0.338885864	0.810566398	T22_WNV vs T26_WNV	T22_WNV	T26_WNV
MT-nbisL1-trna-20	431.380511655	0.653776862	0.447998335	1.459328776	0.144474639	0.644869698	T22_WNV vs T26_WNV	T22_WNV	T26_WNV
MT-nbisL1-trna-3	1102.911491045	-0.460798194	0.643543789	-0.716032386	0.473971352	0.877801101	T22_WNV vs T26_WNV	T22_WNV	T26_WNV
MT-nbisL1-trna-6	12782.933971497	1.069259329	0.341913504	3.127280194	0.001764317	0.099782668	T22_WNV vs T26_WNV	T22_WNV	T26_WNV
MT-nbisL1-trna-7	594.399656827	0.708958654	0.466181039	1.520779687	0.128315134	0.618393536	T22_WNV vs T26_WNV	T22_WNV	T26_WNV
MT-nbisL1-trna-9	7.426823935	0.904904561	1.596283233	0.566882206	0.570794214	NA	T22_WNV vs T26_WNV	T22_WNV	T26_WNV
MT-nbis-gene-2	554.016966373	0.568409091	0.506441966	1.1223578	0.26171034	0.751841209	T22_WNV vs T30_mock	T22_WNV	T30_mock
MT-nbis-gene-3	2279.043549195	0.642820354	0.37468773	1.715616238	0.086232305	0.471723686	T22_WNV vs T30_mock	T22_WNV	T30_mock
MT-nbis-gene-4	44.29140214	0.372856184	0.77785929	0.479336287	0.631699411	0.936926008	T22_WNV vs T30_mock	T22_WNV	T30_mock
MT-nbis-gene-5	5028.897975157	0.447660366	0.336925772	1.328661691	0.183959609	0.66003749	T22_WNV vs T30_mock	T22_WNV	T30_mock
MT-nbisL1-trna-10	135.38280994	1.383431554	0.672604516	2.056827631	0.039702809	0.322368933	T22_WNV vs T30_mock	T22_WNV	T30_mock
MT-nbisL1-trna-16	881.860896549	-0.183674342	0.381100655	-0.481957561	0.629836094	0.936254329	T22_WNV vs T30_mock	T22_WNV	T30_mock
MT-nbisL1-trna-17	935.86521064	0.02162271	0.460478098	0.046957087	0.962547429	0.995429067	T22_WNV vs T30_mock	T22_WNV	T30_mock
MT-nbisL1-trna-19	45.849010998	-0.511120325	0.906168542	-0.564045541	0.572723139	0.907975951	T22_WNV vs T30_mock	T22_WNV	T30_mock
MT-nbisL1-trna-20	431.380511655	0.095617755	0.441885347	0.216385891	0.828686963	0.983004058	T22_WNV vs T30_mock	T22_WNV	T30_mock
MT-nbisL1-trna-3	1102.911491045	1.271557205	0.643160958	1.977043521	0.048036711	0.36463992	T22_WNV vs T30_mock	T22_WNV	T30_mock
MT-nbisL1-trna-6	12782.933971497	0.580601932	0.341606981	1.699619635	0.089202495	0.481741177	T22_WNV vs T30_mock	T22_WNV	T30_mock
MT-nbisL1-trna-7	594.399656827	0.49799883	0.462466325	1.076832631	0.281555045	0.765285817	T22_WNV vs T30_mock	T22_WNV	T30_mock
MT-nbisL1-trna-9	7.426823935	-0.383580316	1.492354136	-0.257030357	0.797155339	NA	T22_WNV vs T30_mock	T22_WNV	T30_mock
MT-nbis-gene-2	554.016966373	0.773577493	0.506662238	1.52681103	0.126808008	0.562997	T22_WNV vs T30_WNV	T22_WNV	T30_WNV
MT-nbis-gene-3	2279.043549195	0.913179297	0.374766415	2.436662571	0.014823505	0.241941547	T22_WNV vs T30_WNV	T22_WNV	T30_WNV
MT-nbis-gene-4	44.29140214	0.928288917	0.780914494	1.188720307	0.234549747	0.676494664	T22_WNV vs T30_WNV	T22_WNV	T30_WNV
MT-nbis-gene-5	5028.897975157	0.878118131	0.336981332	2.605836131	0.00916503	0.211082092	T22_WNV vs T30_WNV	T22_WNV	T30_WNV
MT-nbisL1-trna-10	135.38280994	1.640280099	0.673546743	2.435287701	0.014879953	0.241941547	T22_WNV vs T30_WNV	T22_WNV	T30_WNV
MT-nbisL1-trna-16	881.860896549	0.364175801	0.381377045	0.954897012	0.339629781	0.746724524	T22_WNV vs T30_WNV	T22_WNV	T30_WNV
MT-nbisL1-trna-17	935.86521064	0.807842968	0.460766705	1.753258123	0.07955771	0.468668844	T22_WNV vs T30_WNV	T22_WNV	T30_WNV
MT-nbisL1-trna-19	45.849010998	0.493070809	0.910708121	0.541414749	0.588221743	0.859023839	T22_WNV vs T30_WNV	T22_WNV	T30_WNV
MT-nbisL1-trna-20	431.380511655	0.590098148	0.442360747	1.333974933	0.182212072	0.619196869	T22_WNV vs T30_WNV	T22_WNV	T30_WNV
MT-nbisL1-trna-3	1102.911491045	1.532284992	0.643322108	2.381831702	0.017226768	0.251767536	T22_WNV vs T30_WNV	T22_WNV	T30_WNV
MT-nbisL1-trna-6	12782.933971497	0.840240213	0.341621824	2.459562456	0.013910649	0.238422057	T22_WNV vs T30_WNV	T22_WNV	T30_WNV
MT-nbisL1-trna-7	594.399656827	0.830326349	0.462737593	1.794378415	0.07275279	0.454396661	T22_WNV vs T30_WNV	T22_WNV	T30_WNV
MT-nbisL1-trna-9	7.426823935	0.299863124	1.499468377	0.199979625	0.841496516	NA	T22_WNV vs T30_WNV	T22_WNV	T30_WNV
MT-nbis-gene-2	554.016966373	-0.688405193	0.460111177	-1.496171419	0.13460899	1	T26_mock vs T26_WNV	T26_mock	T26_WNV
MT-nbis-gene-3	2279.043549195	-0.288752476	0.338438021	-0.853191598	0.393553062	1	T26_mock vs T26_WNV	T26_mock	T26_WNV
MT-nbis-gene-4	44.29140214	-0.020731171	0.755034598	-0.027457246	0.97809504	1	T26_mock vs T26_WNV	T26_mock	T26_WNV
MT-nbis-gene-5	5028.897975157	0.37641655	0.30268752	1.243581336	0.213653689	1	T26_mock vs T26_WNV	T26_mock	T26_WNV
MT-nbisL1-trna-10	135.38280994	-0.450196079	0.620729366	-0.725269505	0.46828671	1	T26_mock vs T26_WNV	T26_mock	T26_WNV
MT-nbisL1-trna-16	881.860896549	0.376374156	0.348257953	1.080733843	0.279815524	1	T26_mock vs T26_WNV	T26_mock	T26_WNV
MT-nbisL1-trna-17	935.86521064	-0.085529829	0.418909274	-0.204172679	0.838218561	1	T26_mock vs T26_WNV	T26_mock	T26_WNV
MT-nbisL1-trna-19	45.849010998	-1.564644381	0.850397366	-1.839897961	0.065783219	1	T26_mock vs T26_WNV	T26_mock	T26_WNV
MT-nbisL1-trna-20	431.380511655	-0.54651117	0.408176141	-1.338910132	0.180599931	1	T26_mock vs T26_WNV	T26_mock	T26_WNV
MT-nbisL1-trna-3	1102.911491045	-1.34808733	0.577015643	-2.336309851	0.019475098	1	T26_mock vs T26_WNV	T26_mock	T26_WNV
MT-nbisL1-trna-6	12782.933971497	0.065077833	0.306097549	0.212604881	0.831635164	1	T26_mock vs T26_WNV	T26_mock	T26_WNV
MT-nbisL1-trna-7	594.399656827	-0.798756013	0.422569713	-1.890234885	0.058726553	1	T26_mock vs T26_WNV	T26_mock	T26_WNV
MT-nbisL1-trna-9	7.426823935	-4.630395508	1.858167442	-2.4919151	0.01270564	1	T26_mock vs T26_WNV	T26_mock	T26_WNV
MT-nbis-gene-2	554.016966373	-0.518491895	0.456747095	-1.135183783	0.256298323	0.703157795	T26_mock vs T30_mock	T26_mock	T30_mock
MT-nbis-gene-3	2279.043549195	-0.835179433	0.336614425	-2.48111599	0.013097175	0.177805456	T26_mock vs T30_mock	T26_mock	T30_mock
MT-nbis-gene-4	44.29140214	-0.602090659	0.718783969	-0.837651763	0.402226312	0.813241225	T26_mock vs T30_mock	T26_mock	T30_mock
MT-nbis-gene-5	5028.897975157	-0.146946496	0.301786192	-0.486922528	0.626313233	0.909784888	T26_mock vs T30_mock	T26_mock	T30_mock
MT-nbisL1-trna-10	135.38280994	0.025190465	0.611367147	0.041203497	0.967133666	0.999219761	T26_mock vs T30_mock	T26_mock	T30_mock
MT-nbisL1-trna-16	881.860896549	-0.638803116	0.343142286	-1.861627498	0.062655615	0.400873004	T26_mock vs T30_mock	T26_mock	T30_mock
MT-nbisL1-trna-17	935.86521064	-1.265560497	0.414669963	-3.051970504	0.002273444	0.060187682	T26_mock vs T30_mock	T26_mock	T30_mock
MT-nbisL1-trna-19	45.849010998	-1.196654503	0.836276258	-1.430932053	0.15244969	0.582137116	T26_mock vs T30_mock	T26_mock	T30_mock
MT-nbisL1-trna-20	431.380511655	-1.104670277	0.401457237	-2.75165117	0.005929565	0.10786333	T26_mock vs T30_mock	T26_mock	T30_mock
MT-nbisL1-trna-3	1102.911491045	0.384268069	0.576588641	0.666450986	0.505122882	0.856167086	T26_mock vs T30_mock	T26_mock	T30_mock
MT-nbisL1-trna-6	12782.933971497	-0.423579564	0.305755122	-1.385355577	0.165943767	0.600202246	T26_mock vs T30_mock	T26_mock	T30_mock
MT-nbisL1-trna-7	594.399656827	-1.009715837	0.418468044	-2.412886366	0.015826753	0.200557854	T26_mock vs T30_mock	T26_mock	T30_mock
MT-nbisL1-trna-9	7.426823935	-5.918880385	1.769685551	-3.344594401	0.00082403	0.031725109	T26_mock vs T30_mock	T26_mock	T30_mock
MT-nbis-gene-2	554.016966373	-0.313323492	0.45699132	-0.685622413	0.492951244	0.846796362	T26_mock vs T30_WNV	T26_mock	T30_WNV
MT-nbis-gene-3	2279.043549195	-0.564820489	0.336702008	-1.677508525	0.093443084	0.399226581	T26_mock vs T30_WNV	T26_mock	T30_WNV
MT-nbis-gene-4	44.29140214	-0.046657926	0.722089168	-0.064615186	0.948480393	0.987369081	T26_mock vs T30_WNV	T26_mock	T30_WNV
MT-nbis-gene-5	5028.897975157	0.28351127	0.30184822	0.93925109	0.347601844	0.73729001	T26_mock vs T30_WNV	T26_mock	T30_WNV
MT-nbisL1-trna-10	135.38280994	0.28203901	0.612403599	0.460544338	0.645125554	0.911483609	T26_mock vs T30_WNV	T26_mock	T30_WNV
MT-nbisL1-trna-16	881.860896549	-0.090952973	0.343449225	-0.264822181	0.791146449	0.949931252	T26_mock vs T30_WNV	T26_mock	T30_WNV
MT-nbisL1-trna-17	935.86521064	-0.479340239	0.414990428	-1.15506336	0.248064481	0.627533275	T26_mock vs T30_WNV	T26_mock	T30_WNV
MT-nbisL1-trna-19	45.849010998	-0.192463369	0.841193102	-0.228798083	0.819025857	0.960097225	T26_mock vs T30_WNV	T26_mock	T30_WNV
MT-nbisL1-trna-20	431.380511655	-0.610189883	0.401980453	-1.517959094	0.129024711	0.467652785	T26_mock vs T30_WNV	T26_mock	T30_WNV
MT-nbisL1-trna-3	1102.911491045	0.644995856	0.576768392	1.118292653	0.263442024	0.649000402	T26_mock vs T30_WNV	T26_mock	T30_WNV
MT-nbisL1-trna-6	12782.933971497	-0.163941282	0.305771706	-0.536155828	0.591850859	0.903262071	T26_mock vs T30_WNV	T26_mock	T30_WNV
MT-nbisL1-trna-7	594.399656827	-0.677388318	0.418767814	-1.617574931	0.105754235	0.425717049	T26_mock vs T30_WNV	T26_mock	T30_WNV
MT-nbisL1-trna-9	7.426823935	-5.235436945	1.77568902	-2.948397431	0.003194261	NA	T26_mock vs T30_WNV	T26_mock	T30_WNV
MT-nbis-gene-2	554.016966373	0.169913298	0.456674896	0.372066211	0.709843553	0.908252907	T26_WNV vs T30_mock	T26_WNV	T30_mock
MT-nbis-gene-3	2279.043549195	-0.546426957	0.337064236	-1.621135971	0.104988481	0.431598246	T26_WNV vs T30_mock	T26_WNV	T30_mock
MT-nbis-gene-4	44.29140214	-0.581359488	0.734531149	-0.791470164	0.42866968	0.770476738	T26_WNV vs T30_mock	T26_WNV	T30_mock
MT-nbis-gene-5	5028.897975157	-0.523363045	0.302297103	-1.731287002	0.083400589	0.388989555	T26_WNV vs T30_mock	T26_WNV	T30_mock
MT-nbisL1-trna-10	135.38280994	0.475386544	0.61316595	0.775298341	0.438163389	0.777070123	T26_WNV vs T30_mock	T26_WNV	T30_mock
MT-nbisL1-trna-16	881.860896549	-1.015177272	0.345963957	-2.934344031	0.003342535	0.06421118	T26_WNV vs T30_mock	T26_WNV	T30_mock
MT-nbisL1-trna-17	935.86521064	-1.180030668	0.416150553	-2.835585969	0.00457417	0.07869409	T26_WNV vs T30_mock	T26_WNV	T30_mock
MT-nbisL1-trna-19	45.849010998	0.367989878	0.823310789	0.446963507	0.654901409	0.891800878	T26_WNV vs T30_mock	T26_WNV	T30_mock
MT-nbisL1-trna-20	431.380511655	-0.558159107	0.402151751	-1.387931561	0.165157886	0.537160569	T26_WNV vs T30_mock	T26_WNV	T30_mock
MT-nbisL1-trna-3	1102.911491045	1.732355399	0.576025945	3.00742599	0.002634703	0.054504292	T26_WNV vs T30_mock	T26_WNV	T30_mock
MT-nbisL1-trna-6	12782.933971497	-0.488657397	0.305903624	-1.597422712	0.110171513	0.437366121	T26_WNV vs T30_mock	T26_WNV	T30_mock
MT-nbisL1-trna-7	594.399656827	-0.210959824	0.41804156	-0.5046384	0.613812834	0.866978554	T26_WNV vs T30_mock	T26_WNV	T30_mock
MT-nbisL1-trna-9	7.426823935	-1.288484877	1.447290212	-0.890274021	0.373318767	NA	T26_WNV vs T30_mock	T26_WNV	T30_mock
MT-nbis-gene-2	554.016966373	0.375081701	0.456919161	0.820892914	0.411707268	0.8342403	T26_WNV vs T30_WNV	T26_WNV	T30_WNV
MT-nbis-gene-3	2279.043549195	-0.276068013	0.337151702	-0.818824321	0.412886653	0.8342403	T26_WNV vs T30_WNV	T26_WNV	T30_WNV
MT-nbis-gene-4	44.29140214	-0.025926755	0.737765803	-0.035142257	0.971966306	0.998328336	T26_WNV vs T30_WNV	T26_WNV	T30_WNV
MT-nbis-gene-5	5028.897975157	-0.09290528	0.302359027	-0.307268087	0.758639324	0.959502152	T26_WNV vs T30_WNV	T26_WNV	T30_WNV
MT-nbisL1-trna-10	135.38280994	0.73223509	0.614199367	1.192178191	0.233191383	0.714284821	T26_WNV vs T30_WNV	T26_WNV	T30_WNV
MT-nbisL1-trna-16	881.860896549	-0.467327128	0.346268394	-1.349609541	0.177141262	0.662574021	T26_WNV vs T30_WNV	T26_WNV	T30_WNV
MT-nbisL1-trna-17	935.86521064	-0.39381041	0.416469879	-0.945591579	0.344356941	0.789209123	T26_WNV vs T30_WNV	T26_WNV	T30_WNV
MT-nbisL1-trna-19	45.849010998	1.372181012	0.8283046	1.656614018	0.097597536	0.578960951	T26_WNV vs T30_WNV	T26_WNV	T30_WNV
MT-nbisL1-trna-20	431.380511655	-0.063678713	0.402674063	-0.158139595	0.874346801	0.98915081	T26_WNV vs T30_WNV	T26_WNV	T30_WNV
MT-nbisL1-trna-3	1102.911491045	1.993083186	0.576205872	3.458977568	0.00054223	0.078984846	T26_WNV vs T30_WNV	T26_WNV	T30_WNV
MT-nbisL1-trna-6	12782.933971497	-0.229019115	0.3059202	-0.748623711	0.454084037	0.854376312	T26_WNV vs T30_WNV	T26_WNV	T30_WNV
MT-nbisL1-trna-7	594.399656827	0.121367695	0.418341636	0.290116223	0.771727325	0.960755813	T26_WNV vs T30_WNV	T26_WNV	T30_WNV
MT-nbisL1-trna-9	7.426823935	-0.605041437	1.454624868	-0.415943279	0.677451509	NA	T26_WNV vs T30_WNV	T26_WNV	T30_WNV
MT-nbis-gene-2	554.016966373	0.205168403	0.453531402	0.452379707	0.650995463	1	T30_mock vs T30_WNV	T30_mock	T30_WNV
MT-nbis-gene-3	2279.043549195	0.270358944	0.335321111	0.806268782	0.420087887	1	T30_mock vs T30_WNV	T30_mock	T30_WNV
MT-nbis-gene-4	44.29140214	0.555432733	0.700622245	0.792770623	0.427911475	1	T30_mock vs T30_WNV	T30_mock	T30_WNV
MT-nbis-gene-5	5028.897975157	0.430457766	0.301456717	1.427925607	0.153313272	1	T30_mock vs T30_WNV	T30_mock	T30_WNV
MT-nbisL1-trna-10	135.38280994	0.256848546	0.604736063	0.424728343	0.67103472	1	T30_mock vs T30_WNV	T30_mock	T30_WNV
MT-nbisL1-trna-16	881.860896549	0.547850143	0.341122892	1.606019872	0.108269544	1	T30_mock vs T30_WNV	T30_mock	T30_WNV
MT-nbisL1-trna-17	935.86521064	0.786220258	0.412205481	1.907350324	0.056475238	1	T30_mock vs T30_WNV	T30_mock	T30_WNV
MT-nbisL1-trna-19	45.849010998	1.004191134	0.813800227	1.23395288	0.217220463	1	T30_mock vs T30_WNV	T30_mock	T30_WNV
MT-nbisL1-trna-20	431.380511655	0.494480394	0.395861785	1.249123841	0.211619782	1	T30_mock vs T30_WNV	T30_mock	T30_WNV
MT-nbisL1-trna-3	1102.911491045	0.260727787	0.57577827	0.452826722	0.65067352	1	T30_mock vs T30_WNV	T30_mock	T30_WNV
MT-nbisL1-trna-6	12782.933971497	0.259638281	0.305577574	0.849664056	0.395511888	1	T30_mock vs T30_WNV	T30_mock	T30_WNV
MT-nbisL1-trna-7	594.399656827	0.332327519	0.414198099	0.802339557	0.422356566	1	T30_mock vs T30_WNV	T30_mock	T30_WNV
MT-nbisL1-trna-9	7.426823935	0.68344344	1.339751549	0.510127001	0.60996249	1	T30_mock vs T30_WNV	T30_mock	T30_WNV
